feature,standardized_log_odds_coef,odds_ratio_per_1sd
log_clicks,0.6934941406229196,2.0006940405211577
scroll_depth_pct,0.6720832194099315,1.9583126692026684
sections_viewed,0.6341223694018531,1.8853667596011505
log_duration,0.3425738146050331,1.4085683227393686
log_time_to_first_scroll,-0.20743693855877796,0.8126644879510919
