score_decile,sessions,mean_score,lead_rate
1,2000,0.2586319947013024,0.259
2,2000,0.08178355620240313,0.0855
3,2000,0.04004909906213198,0.041
4,2000,0.02284834666362691,0.0215
5,2000,0.014408657482840453,0.0135
6,2000,0.009206352718762308,0.01
7,2000,0.005771947050750236,0.004
8,2000,0.0034312975429208466,0.003
9,2000,0.0018320643134956697,0.0015
10,2000,0.0006917956612066432,0.0
