threshold,score
low_medium_cutoff,0.011510026015608209
medium_high_cutoff,0.054293727921046885
