model,roc_auc,average_precision,brier_score,log_loss,mean_score,base_rate,n_features_raw
behavior_only_pre_form,0.8856453192651715,0.31201083140053393,0.034987719450873596,0.1294468350333601,0.04386551113994405,0.0439,5
behavior_plus_context,0.8904458102499263,0.3211346798838496,0.03467256552178887,0.12767795018007766,0.0438581286701884,0.0439,10
late_stage_leakage_check,0.9993538075500817,0.9881143049008914,0.0035480803813369996,0.011752132972861217,0.04395317252815118,0.0439,12
