landing_page_variant,traffic_source,sessions,share
A,facebook,5246,0.5955949137148048
B,facebook,6698,0.5984631879914224
A,google,3562,0.4044050862851953
B,google,4494,0.40153681200857755
