landing_page_variant,device_type,sessions,share
A,desktop,4403,0.4998864668483197
B,desktop,1987,0.17753752680486062
A,mobile,3705,0.4206403269754768
B,mobile,8899,0.79512151536812
A,tablet,700,0.07947320617620345
B,tablet,306,0.0273409578270193
