metric,adjusted_A_rate,adjusted_B_rate,adjusted_B_minus_A,odds_ratio_B_vs_A,or_ci95_low,or_ci95_high,p_value
lead_conversion,0.03508847155934041,0.05493648065817612,0.01984800909883571,1.6639872768341093,1.4269624043916356,1.9403830464939649,8.308190657628355e-11
appointment_per_session,0.007730719586914515,0.014812510109456853,0.007081790522542338,1.9446488873404417,1.449255322175899,2.609380995307762,9.275856014209152e-06
