metric,A_rate,B_rate,B_minus_A,B_minus_A_ci95_low,B_minus_A_ci95_high,p_value,p_value_holm_adjusted,significant_after_holm_alpha_0.05
lead_conversion,0.045413260672116255,0.04270907791279485,-0.002704182759321404,-0.00844350509833729,0.0030351395796944817,0.352387130250008,0.6649898461900379,False
appointment_per_session,0.009990917347865577,0.01143674052894925,0.001445823181083673,-0.0014167632672157063,0.004308409629383052,0.33249492309501893,0.6649898461900379,False
appointment_per_lead,0.22,0.26778242677824265,0.047782426778242654,-0.008995627167447479,0.10456048072393279,0.10190250920180853,0.3057075276054256,False
