landing_page_variant,geo_region,sessions,share
A,Midwest,1831,0.20787920072661217
B,Midwest,2385,0.21309864188706218
A,Northeast,1928,0.21889191643960038
B,Northeast,2459,0.21971050750536097
A,South,3002,0.3408265213442325
B,South,3828,0.3420300214438885
A,West,2047,0.23240236148955495
B,West,2520,0.22516082916368835
